Title,
Revision,
Date,
Generated,17/02/2018 00:07:08
Company,
Comment 1,
Comment 2,
Comment 3,
Comment 4,
Total Parts,27
Total Unique Parts,18



Ref,Qty,Value,Footprint,Datasheet,Farnell,
BT1 ,1,AAA,footprint:AAA_HOLDER,,1702632
C1 C3 C4 C5 C10 ,5,10u,Capacitors_ThroughHole:CP_Radial_D5.0mm_P2.00mm,,1834168
C2 ,1,1u,Capacitors_SMD:C_1206,,1856632
C6 C7 C9 ,3,100n,Capacitors_SMD:C_1206,,1856599
C8 C11 ,2,10n,Capacitors_SMD:C_1206,,1856566
IC1 ,1,TLV61225,footprint:SC-70-6,http://www.ti.com/lit/ds/symlink/tlv61225.pdf,2492362
L1 ,1,4u7,footprint:2016M,,2616849
LDR1 ,1,LDR,footprint:LDR_NSL_19M51,http://www.farnell.com/datasheets/77395.pdf?_ga=2.44085350.355275606.1518775425-719929606.1478726593&_gac=1.39994006.1518780937.EAIaIQobChMIuqKB76uq2QIVCd0bCh25uQ1bEAAYASAAEgIeePD_BwE,3168335
M1 ,1,Mic,footprint:Multicomp_Mic_MCKPCM-97H45P-40DB-4808,http://www.farnell.com/datasheets/2330697.pdf?_ga=2.248742914.482354091.1518281240-719929606.1478726593&_gac=1.171624724.1518176774.EAIaIQobChMIiMOul-GY2QIVDOEbCh3jjw5gEAAYASAAEgLHQ_D_BwE,2396073
P1 ,1,CONN_01X05,Pin_Headers:Pin_Header_Straight_1x05_Pitch2.54mm,, 
P2 ,1,CONN_01X03,Pin_Headers:Pin_Header_Straight_1x03_Pitch2.54mm,, 
R1 R3 ,2,2k2,Resistors_SMD:R_1206,,2447496
R2 ,1,10,Resistors_SMD:R_1206,,2447457
R4 ,1,100k,Resistors_SMD:R_1206,,2447453
R5 ,1,47k,Resistors_SMD:R_1206,,-
RV1 RV2 ,2,10k,footprint:3306P-1-103,,108239
U1 ,1,LM386,SMD_Packages:SOIC-8-N,http://www.ti.com/lit/ds/symlink/lm386.pdf,1564701
U2 ,1,pic16f18313,SMD_Packages:SOIC-8-N,http://www.farnell.com/datasheets/2374133.pdf?_ga=2.45963238.355275606.1518775425-719929606.1478726593&_gac=1.11732608.1518780937.EAIaIQobChMIuqKB76uq2QIVCd0bCh25uQ1bEAAYASAAEgIeePD_BwE,2810047




BOM made with KICAD_BOM_WIZARD (https://github.com/HashDefineElectronics/KiCad_BOM_Wizard.git)
Generated 17/02/2018 00:07:08
