<?xml version="1.0" encoding="UTF-8"?>
<export version="D">
  <design>
    <source>F:/KiCad Projects/CUEC - Project 1/CUEC - Project 1.sch</source>
    <date>17/02/2018 00:07:08</date>
    <tool>Eeschema 4.0.4-stable</tool>
    <sheet number="1" name="/" tstamps="/">
      <title_block>
        <title/>
        <company/>
        <rev/>
        <date/>
        <source>CUEC - Project 1.sch</source>
        <comment number="1" value=""/>
        <comment number="2" value=""/>
        <comment number="3" value=""/>
        <comment number="4" value=""/>
      </title_block>
    </sheet>
  </design>
  <components>
    <comp ref="BT1">
      <value>AAA</value>
      <footprint>footprint:AAA_HOLDER</footprint>
      <fields>
        <field name="Farnell">1702632</field>
      </fields>
      <libsource lib="device" part="Battery"/>
      <sheetpath names="/" tstamps="/"/>
      <tstamp>5A7D0FB8</tstamp>
    </comp>
    <comp ref="C1">
      <value>10u</value>
      <footprint>Capacitors_ThroughHole:CP_Radial_D5.0mm_P2.00mm</footprint>
      <fields>
        <field name="Farnell">1834168</field>
      </fields>
      <libsource lib="device" part="CP1"/>
      <sheetpath names="/" tstamps="/"/>
      <tstamp>5A806831</tstamp>
    </comp>
    <comp ref="C7">
      <value>100n</value>
      <footprint>Capacitors_SMD:C_1206</footprint>
      <fields>
        <field name="Farnell">1856599</field>
      </fields>
      <libsource lib="device" part="C"/>
      <sheetpath names="/" tstamps="/"/>
      <tstamp>5A808294</tstamp>
    </comp>
    <comp ref="M1">
      <value>Mic</value>
      <footprint>footprint:Multicomp_Mic_MCKPCM-97H45P-40DB-4808</footprint>
      <datasheet>http://www.farnell.com/datasheets/2330697.pdf?_ga=2.248742914.482354091.1518281240-719929606.1478726593&amp;_gac=1.171624724.1518176774.EAIaIQobChMIiMOul-GY2QIVDOEbCh3jjw5gEAAYASAAEgLHQ_D_BwE</datasheet>
      <fields>
        <field name="Farnell">2396073</field>
      </fields>
      <libsource lib="A_Audio" part="Mic"/>
      <sheetpath names="/" tstamps="/"/>
      <tstamp>5A808FC5</tstamp>
    </comp>
    <comp ref="R1">
      <value>2k2</value>
      <footprint>Resistors_SMD:R_1206</footprint>
      <fields>
        <field name="Farnell">2447496</field>
      </fields>
      <libsource lib="device" part="R"/>
      <sheetpath names="/" tstamps="/"/>
      <tstamp>5A80998B</tstamp>
    </comp>
    <comp ref="C2">
      <value>1u</value>
      <footprint>Capacitors_SMD:C_1206</footprint>
      <fields>
        <field name="Farnell">1856632</field>
      </fields>
      <libsource lib="device" part="C"/>
      <sheetpath names="/" tstamps="/"/>
      <tstamp>5A8099F2</tstamp>
    </comp>
    <comp ref="U1">
      <value>LM386</value>
      <footprint>SMD_Packages:SOIC-8-N</footprint>
      <datasheet>http://www.ti.com/lit/ds/symlink/lm386.pdf</datasheet>
      <fields>
        <field name="Farnell">1564701</field>
      </fields>
      <libsource lib="linear" part="LM386"/>
      <sheetpath names="/" tstamps="/"/>
      <tstamp>5A80BA91</tstamp>
    </comp>
    <comp ref="R2">
      <value>10</value>
      <footprint>Resistors_SMD:R_1206</footprint>
      <fields>
        <field name="Farnell">2447457</field>
      </fields>
      <libsource lib="device" part="R"/>
      <sheetpath names="/" tstamps="/"/>
      <tstamp>5A80BFD8</tstamp>
    </comp>
    <comp ref="LDR1">
      <value>LDR</value>
      <footprint>footprint:LDR_NSL_19M51</footprint>
      <datasheet>http://www.farnell.com/datasheets/77395.pdf?_ga=2.44085350.355275606.1518775425-719929606.1478726593&amp;_gac=1.39994006.1518780937.EAIaIQobChMIuqKB76uq2QIVCd0bCh25uQ1bEAAYASAAEgIeePD_BwE</datasheet>
      <fields>
        <field name="Farnell">3168335</field>
      </fields>
      <libsource lib="MyLib" part="LDR"/>
      <sheetpath names="/" tstamps="/"/>
      <tstamp>5A81772F</tstamp>
    </comp>
    <comp ref="R4">
      <value>100k</value>
      <footprint>Resistors_SMD:R_1206</footprint>
      <fields>
        <field name="Farnell">2447453</field>
      </fields>
      <libsource lib="device" part="R"/>
      <sheetpath names="/" tstamps="/"/>
      <tstamp>5A818C0A</tstamp>
    </comp>
    <comp ref="U2">
      <value>pic16f18313</value>
      <footprint>SMD_Packages:SOIC-8-N</footprint>
      <datasheet>http://www.farnell.com/datasheets/2374133.pdf?_ga=2.45963238.355275606.1518775425-719929606.1478726593&amp;_gac=1.11732608.1518780937.EAIaIQobChMIuqKB76uq2QIVCd0bCh25uQ1bEAAYASAAEgIeePD_BwE</datasheet>
      <fields>
        <field name="Farnell">2810047</field>
      </fields>
      <libsource lib="MyLib" part="pic16f18313"/>
      <sheetpath names="/" tstamps="/"/>
      <tstamp>5A81D922</tstamp>
    </comp>
    <comp ref="C11">
      <value>10n</value>
      <footprint>Capacitors_SMD:C_1206</footprint>
      <fields>
        <field name="Farnell">1856566</field>
      </fields>
      <libsource lib="device" part="C"/>
      <sheetpath names="/" tstamps="/"/>
      <tstamp>5A821CDA</tstamp>
    </comp>
    <comp ref="P1">
      <value>CONN_01X05</value>
      <footprint>Pin_Headers:Pin_Header_Straight_1x05_Pitch2.54mm</footprint>
      <libsource lib="conn" part="CONN_01X05"/>
      <sheetpath names="/" tstamps="/"/>
      <tstamp>5A82745E</tstamp>
    </comp>
    <comp ref="P2">
      <value>CONN_01X03</value>
      <footprint>Pin_Headers:Pin_Header_Straight_1x03_Pitch2.54mm</footprint>
      <libsource lib="conn" part="CONN_01X03"/>
      <sheetpath names="/" tstamps="/"/>
      <tstamp>5A8274EF</tstamp>
    </comp>
    <comp ref="C10">
      <value>10u</value>
      <footprint>Capacitors_ThroughHole:CP_Radial_D5.0mm_P2.00mm</footprint>
      <fields>
        <field name="Farnell">1834168</field>
      </fields>
      <libsource lib="device" part="CP1"/>
      <sheetpath names="/" tstamps="/"/>
      <tstamp>5A82C05D</tstamp>
    </comp>
    <comp ref="C4">
      <value>10u</value>
      <footprint>Capacitors_ThroughHole:CP_Radial_D5.0mm_P2.00mm</footprint>
      <fields>
        <field name="Farnell">1834168</field>
      </fields>
      <libsource lib="device" part="CP1"/>
      <sheetpath names="/" tstamps="/"/>
      <tstamp>5A86EEE4</tstamp>
    </comp>
    <comp ref="IC1">
      <value>TLV61225</value>
      <footprint>footprint:SC-70-6</footprint>
      <datasheet>http://www.ti.com/lit/ds/symlink/tlv61225.pdf</datasheet>
      <fields>
        <field name="Farnell">2492362</field>
      </fields>
      <libsource lib="tlv61225" part="TLV61225"/>
      <sheetpath names="/" tstamps="/"/>
      <tstamp>5A877B5F</tstamp>
    </comp>
    <comp ref="L1">
      <value>4u7</value>
      <footprint>footprint:2016M</footprint>
      <fields>
        <field name="Farnell">2616849</field>
      </fields>
      <libsource lib="device" part="L_Small"/>
      <sheetpath names="/" tstamps="/"/>
      <tstamp>5A8782F2</tstamp>
    </comp>
    <comp ref="C5">
      <value>10u</value>
      <footprint>Capacitors_ThroughHole:CP_Radial_D5.0mm_P2.00mm</footprint>
      <fields>
        <field name="Farnell">1834168</field>
      </fields>
      <libsource lib="device" part="CP1"/>
      <sheetpath names="/" tstamps="/"/>
      <tstamp>5A892913</tstamp>
    </comp>
    <comp ref="C9">
      <value>100n</value>
      <footprint>Capacitors_SMD:C_1206</footprint>
      <fields>
        <field name="Farnell">1856599</field>
      </fields>
      <libsource lib="device" part="C"/>
      <sheetpath names="/" tstamps="/"/>
      <tstamp>5A892A0A</tstamp>
    </comp>
    <comp ref="C3">
      <value>10u</value>
      <footprint>Capacitors_ThroughHole:CP_Radial_D5.0mm_P2.00mm</footprint>
      <fields>
        <field name="Farnell">1834168</field>
      </fields>
      <libsource lib="device" part="CP1"/>
      <sheetpath names="/" tstamps="/"/>
      <tstamp>5A893689</tstamp>
    </comp>
    <comp ref="C8">
      <value>10n</value>
      <footprint>Capacitors_SMD:C_1206</footprint>
      <fields>
        <field name="Farnell">1856566</field>
      </fields>
      <libsource lib="device" part="C"/>
      <sheetpath names="/" tstamps="/"/>
      <tstamp>5A894527</tstamp>
    </comp>
    <comp ref="C6">
      <value>100n</value>
      <footprint>Capacitors_SMD:C_1206</footprint>
      <fields>
        <field name="Farnell">1856599</field>
      </fields>
      <libsource lib="device" part="C"/>
      <sheetpath names="/" tstamps="/"/>
      <tstamp>5A894916</tstamp>
    </comp>
    <comp ref="R3">
      <value>2k2</value>
      <footprint>Resistors_SMD:R_1206</footprint>
      <fields>
        <field name="Farnell">2447496</field>
      </fields>
      <libsource lib="device" part="R"/>
      <sheetpath names="/" tstamps="/"/>
      <tstamp>5A8962DB</tstamp>
    </comp>
    <comp ref="RV1">
      <value>10k</value>
      <footprint>footprint:3306P-1-103</footprint>
      <fields>
        <field name="Farnell">108239</field>
      </fields>
      <libsource lib="device" part="POT"/>
      <sheetpath names="/" tstamps="/"/>
      <tstamp>5A896773</tstamp>
    </comp>
    <comp ref="RV2">
      <value>10k</value>
      <footprint>footprint:3306P-1-103</footprint>
      <fields>
        <field name="Farnell">108239</field>
      </fields>
      <libsource lib="device" part="POT"/>
      <sheetpath names="/" tstamps="/"/>
      <tstamp>5A80EE91</tstamp>
    </comp>
    <comp ref="R5">
      <value>47k</value>
      <footprint>Resistors_SMD:R_1206</footprint>
      <fields>
        <field name="Farnell">-</field>
      </fields>
      <libsource lib="device" part="R"/>
      <sheetpath names="/" tstamps="/"/>
      <tstamp>5A8A2F9A</tstamp>
    </comp>
  </components>
  <libparts>
    <libpart lib="device" part="Battery">
      <fields>
        <field name="Reference">BT</field>
        <field name="Value">Battery</field>
      </fields>
      <pins>
        <pin num="1" name="~" type="passive"/>
        <pin num="2" name="~" type="passive"/>
      </pins>
    </libpart>
    <libpart lib="device" part="C">
      <description>Unpolarized capacitor</description>
      <footprints>
        <fp>C?</fp>
        <fp>C_????_*</fp>
        <fp>C_????</fp>
        <fp>SMD*_c</fp>
        <fp>Capacitor*</fp>
      </footprints>
      <fields>
        <field name="Reference">C</field>
        <field name="Value">C</field>
      </fields>
      <pins>
        <pin num="1" name="~" type="passive"/>
        <pin num="2" name="~" type="passive"/>
      </pins>
    </libpart>
    <libpart lib="conn" part="CONN_01X03">
      <description>Connector, single row, 01x03</description>
      <footprints>
        <fp>Pin_Header_Straight_1X03</fp>
        <fp>Pin_Header_Angled_1X03</fp>
        <fp>Socket_Strip_Straight_1X03</fp>
        <fp>Socket_Strip_Angled_1X03</fp>
      </footprints>
      <fields>
        <field name="Reference">P</field>
        <field name="Value">CONN_01X03</field>
      </fields>
      <pins>
        <pin num="1" name="P1" type="passive"/>
        <pin num="2" name="P2" type="passive"/>
        <pin num="3" name="P3" type="passive"/>
      </pins>
    </libpart>
    <libpart lib="conn" part="CONN_01X05">
      <description>Connector, single row, 01x05</description>
      <footprints>
        <fp>Pin_Header_Straight_1X05</fp>
        <fp>Pin_Header_Angled_1X05</fp>
        <fp>Socket_Strip_Straight_1X05</fp>
        <fp>Socket_Strip_Angled_1X05</fp>
      </footprints>
      <fields>
        <field name="Reference">P</field>
        <field name="Value">CONN_01X05</field>
      </fields>
      <pins>
        <pin num="1" name="P1" type="passive"/>
        <pin num="2" name="P2" type="passive"/>
        <pin num="3" name="P3" type="passive"/>
        <pin num="4" name="P4" type="passive"/>
        <pin num="5" name="P5" type="passive"/>
      </pins>
    </libpart>
    <libpart lib="device" part="CP1">
      <description>Polarised capacitor</description>
      <footprints>
        <fp>SMD*_Pol</fp>
        <fp>C_Axial*</fp>
        <fp>C_Radial*</fp>
        <fp>c_elec*</fp>
        <fp>C*elec</fp>
        <fp>TantalC*</fp>
        <fp>CP*</fp>
      </footprints>
      <fields>
        <field name="Reference">C</field>
        <field name="Value">CP1</field>
      </fields>
      <pins>
        <pin num="1" name="~" type="passive"/>
        <pin num="2" name="~" type="passive"/>
      </pins>
    </libpart>
    <libpart lib="MyLib" part="LDR">
      <description>light dependent resistor</description>
      <fields>
        <field name="Reference">LDR</field>
        <field name="Value">LDR</field>
      </fields>
      <pins>
        <pin num="1" name="~" type="passive"/>
        <pin num="2" name="~" type="passive"/>
      </pins>
    </libpart>
    <libpart lib="linear" part="LM386">
      <description>Low Voltage Audio Power Amp.</description>
      <docs>http://www.ti.com/lit/ds/symlink/lm386.pdf</docs>
      <footprints>
        <fp>DIP*</fp>
        <fp>MSOP*</fp>
        <fp>SOIC*</fp>
      </footprints>
      <fields>
        <field name="Reference">U</field>
        <field name="Value">LM386</field>
      </fields>
      <pins>
        <pin num="1" name="~" type="input"/>
        <pin num="2" name="-" type="input"/>
        <pin num="3" name="+" type="input"/>
        <pin num="4" name="Gnd" type="power_in"/>
        <pin num="5" name="~" type="output"/>
        <pin num="6" name="V+" type="power_in"/>
        <pin num="7" name="~" type="input"/>
        <pin num="8" name="~" type="input"/>
      </pins>
    </libpart>
    <libpart lib="device" part="L_Small">
      <description>Inductor</description>
      <footprints>
        <fp>Choke_*</fp>
        <fp>*Coil*</fp>
      </footprints>
      <fields>
        <field name="Reference">L</field>
        <field name="Value">L_Small</field>
      </fields>
      <pins>
        <pin num="1" name="~" type="passive"/>
        <pin num="2" name="~" type="passive"/>
      </pins>
    </libpart>
    <libpart lib="A_Audio" part="Mic">
      <description>Condenser Microphone</description>
      <fields>
        <field name="Reference">M</field>
        <field name="Value">Mic</field>
      </fields>
      <pins>
        <pin num="1" name="~" type="output"/>
        <pin num="2" name="~" type="passive"/>
      </pins>
    </libpart>
    <libpart lib="device" part="POT">
      <description>Potentionmetre</description>
      <fields>
        <field name="Reference">RV</field>
        <field name="Value">POT</field>
      </fields>
      <pins>
        <pin num="1" name="1" type="passive"/>
        <pin num="2" name="2" type="passive"/>
        <pin num="3" name="3" type="passive"/>
      </pins>
    </libpart>
    <libpart lib="device" part="R">
      <description>Resistor</description>
      <footprints>
        <fp>R_*</fp>
        <fp>Resistor_*</fp>
      </footprints>
      <fields>
        <field name="Reference">R</field>
        <field name="Value">R</field>
      </fields>
      <pins>
        <pin num="1" name="~" type="passive"/>
        <pin num="2" name="~" type="passive"/>
      </pins>
    </libpart>
    <libpart lib="tlv61225" part="TLV61225">
      <fields>
        <field name="Reference">IC</field>
        <field name="Value">TLV61225</field>
        <field name="Footprint">agg:SC-70-6</field>
        <field name="Datasheet">http://www.ti.com/lit/ds/symlink/tlv61225.pdf</field>
        <field name="Farnell">2492362</field>
      </fields>
      <pins>
        <pin num="1" name="VIN" type="power_in"/>
        <pin num="2" name="FB" type="input"/>
        <pin num="3" name="GND" type="power_in"/>
        <pin num="4" name="VOUT" type="power_out"/>
        <pin num="5" name="L" type="passive"/>
        <pin num="6" name="EN" type="input"/>
      </pins>
    </libpart>
    <libpart lib="MyLib" part="pic16f18313">
      <fields>
        <field name="Reference">U</field>
        <field name="Value">pic16f18313</field>
      </fields>
      <pins>
        <pin num="1" name="Vdd" type="power_in"/>
        <pin num="2" name="RA5" type="3state"/>
        <pin num="3" name="RA4" type="3state"/>
        <pin num="4" name="RA3/Vpp/MCLR" type="3state"/>
        <pin num="5" name="Vss" type="power_in"/>
        <pin num="6" name="RA0/ICSPDAT" type="BiDi"/>
        <pin num="7" name="RA1/ICSPCLK" type="BiDi"/>
        <pin num="8" name="RA2" type="BiDi"/>
      </pins>
    </libpart>
  </libparts>
  <libraries>
    <library logical="conn">
      <uri>E:\Kicad\share\kicad\library\conn.lib</uri>
    </library>
    <library logical="linear">
      <uri>E:\Kicad\share\kicad\library\linear.lib</uri>
    </library>
    <library logical="A_Audio">
      <uri>F:\KiCad Library\Symbol\A_Audio.lib</uri>
    </library>
    <library logical="tlv61225">
      <uri>F:\KiCad Projects\CUEC - Project 1\lib\tlv61225.lib</uri>
    </library>
    <library logical="MyLib">
      <uri>F:\KiCad Library\Symbol\MyLib.lib</uri>
    </library>
    <library logical="device">
      <uri>E:\Kicad\share\kicad\library\device.lib</uri>
    </library>
  </libraries>
  <nets>
    <net code="1" name="/PGC">
      <node ref="U2" pin="7"/>
      <node ref="P1" pin="5"/>
    </net>
    <net code="2" name="GND">
      <node ref="U1" pin="4"/>
      <node ref="C7" pin="2"/>
      <node ref="IC1" pin="3"/>
      <node ref="RV2" pin="1"/>
      <node ref="RV1" pin="3"/>
      <node ref="R3" pin="2"/>
      <node ref="C6" pin="2"/>
      <node ref="C3" pin="2"/>
      <node ref="C9" pin="2"/>
      <node ref="C5" pin="2"/>
      <node ref="LDR1" pin="2"/>
      <node ref="U2" pin="5"/>
      <node ref="C1" pin="2"/>
      <node ref="BT1" pin="2"/>
      <node ref="M1" pin="2"/>
      <node ref="U1" pin="2"/>
      <node ref="C11" pin="2"/>
      <node ref="C10" pin="2"/>
      <node ref="P2" pin="3"/>
      <node ref="P1" pin="3"/>
    </net>
    <net code="3" name="/PGD">
      <node ref="P1" pin="4"/>
      <node ref="U2" pin="6"/>
    </net>
    <net code="4" name="/MCLR">
      <node ref="R5" pin="2"/>
      <node ref="U2" pin="4"/>
      <node ref="P1" pin="1"/>
    </net>
    <net code="5" name="/PWM">
      <node ref="U2" pin="8"/>
      <node ref="P2" pin="2"/>
    </net>
    <net code="6" name="/ADC1">
      <node ref="U2" pin="2"/>
      <node ref="C8" pin="2"/>
    </net>
    <net code="7" name="/ADC2">
      <node ref="U2" pin="3"/>
      <node ref="LDR1" pin="1"/>
      <node ref="R4" pin="1"/>
    </net>
    <net code="8" name="Net-(C8-Pad1)">
      <node ref="R3" pin="1"/>
      <node ref="C8" pin="1"/>
      <node ref="U1" pin="5"/>
      <node ref="R2" pin="1"/>
    </net>
    <net code="9" name="+5V">
      <node ref="C7" pin="1"/>
      <node ref="R1" pin="1"/>
      <node ref="R4" pin="2"/>
      <node ref="P2" pin="1"/>
      <node ref="U2" pin="1"/>
      <node ref="R5" pin="1"/>
      <node ref="C3" pin="1"/>
      <node ref="U1" pin="6"/>
      <node ref="C11" pin="1"/>
      <node ref="IC1" pin="4"/>
      <node ref="C5" pin="1"/>
      <node ref="IC1" pin="2"/>
      <node ref="C9" pin="1"/>
      <node ref="P1" pin="2"/>
      <node ref="C10" pin="1"/>
    </net>
    <net code="10" name="Net-(C4-Pad2)">
      <node ref="C4" pin="2"/>
      <node ref="RV2" pin="2"/>
    </net>
    <net code="11" name="Net-(IC1-Pad5)">
      <node ref="L1" pin="2"/>
      <node ref="IC1" pin="5"/>
    </net>
    <net code="12" name="Net-(U1-Pad7)">
      <node ref="U1" pin="7"/>
    </net>
    <net code="13" name="Net-(RV2-Pad3)">
      <node ref="U1" pin="8"/>
      <node ref="RV2" pin="3"/>
    </net>
    <net code="14" name="Net-(C6-Pad1)">
      <node ref="R2" pin="2"/>
      <node ref="C6" pin="1"/>
    </net>
    <net code="15" name="Net-(RV1-Pad2)">
      <node ref="U1" pin="3"/>
      <node ref="RV1" pin="2"/>
    </net>
    <net code="16" name="Net-(BT1-Pad1)">
      <node ref="BT1" pin="1"/>
      <node ref="IC1" pin="6"/>
      <node ref="L1" pin="1"/>
      <node ref="C1" pin="1"/>
      <node ref="IC1" pin="1"/>
    </net>
    <net code="17" name="Net-(C2-Pad1)">
      <node ref="M1" pin="1"/>
      <node ref="R1" pin="2"/>
      <node ref="C2" pin="1"/>
    </net>
    <net code="18" name="Net-(C2-Pad2)">
      <node ref="C2" pin="2"/>
      <node ref="RV1" pin="1"/>
    </net>
    <net code="19" name="Net-(C4-Pad1)">
      <node ref="C4" pin="1"/>
      <node ref="U1" pin="1"/>
    </net>
  </nets>
</export>
